year,team,wins,losses,win_loss_perc,points_diff,performance_level,dispersion_sd,NCI,dim_passing,dim_rushing,dim_defense,dim_ball_security,dim_discipline
2003,New England Patriots,14,2,0.875,110,0.377,1.127,10.0,0.522,-0.606,1.832,1.012,-0.876
2003,Miami Dolphins,10,6,0.625,50,-0.103,0.954,22.8,-0.386,-0.01,1.39,-1.242,-0.267
2003,Buffalo Bills,6,10,0.375,-36,-0.36,0.932,24.7,-0.969,-0.374,1.044,-1.395,-0.109
2003,New York Jets,6,10,0.375,-16,0.7,1.097,11.0,0.412,-0.728,0.66,0.821,2.335
2003,Baltimore Ravens,10,6,0.625,110,-0.017,1.153,8.8,-0.852,1.45,1.006,-1.012,-0.675
2003,Cincinnati Bengals,8,8,0.5,-38,0.192,0.756,44.8,0.528,0.103,-0.974,1.089,0.214
2003,Pittsburgh Steelers,6,10,0.375,-27,-0.312,0.522,79.0,-0.114,-0.816,0.121,0.172,-0.926
2003,Cleveland Browns,5,11,0.313,-68,-0.292,0.793,40.5,-0.579,-0.637,0.217,-1.242,0.78
2003,Indianapolis Colts,12,4,0.75,111,0.874,0.89,29.8,1.599,-0.145,-0.052,1.433,1.533
2003,Tennessee Titans,12,4,0.75,111,0.634,1.062,12.8,1.872,-0.463,0.179,1.662,-0.08
2003,Jacksonville Jaguars,5,11,0.313,-55,-0.127,0.369,93.9,-0.134,0.297,0.044,-0.707,-0.138
2003,Houston Texans,5,11,0.313,-125,-0.475,0.354,94.8,-0.563,-0.36,-0.897,0.057,-0.611
2003,Kansas City Chiefs,13,3,0.813,152,1.136,0.733,47.6,1.16,1.137,0.025,2.082,1.275
2003,Denver Broncos,10,6,0.625,80,0.477,0.738,47.0,-0.149,1.499,0.621,0.745,-0.331
2003,Oakland Raiders,4,12,0.25,-109,-0.563,0.922,25.9,-0.839,-0.016,-0.878,0.669,-1.75
2003,San Diego Chargers,4,12,0.25,-128,-0.7,0.958,22.3,-0.3,0.543,-2.07,-0.669,-1.005
2003,Philadelphia Eagles,12,4,0.75,87,0.74,0.47,85.0,0.213,0.743,0.89,1.433,0.422
2003,Dallas Cowboys,10,6,0.625,29,0.271,0.711,51.5,-0.547,0.16,1.409,0.057,0.278
2003,Washington Redskins,5,11,0.313,-85,-0.526,0.515,79.5,-0.15,-0.707,-0.744,0.134,-1.163
2003,New York Giants,4,12,0.25,-144,-1.223,0.372,93.5,-0.841,-1.006,-1.032,-1.7,-1.535
2003,Green Bay Packers,10,6,0.625,135,0.61,0.774,43.0,0.652,1.254,0.506,-0.63,1.267
2003,Minnesota Vikings,9,7,0.563,63,0.234,1.009,17.1,1.479,0.841,-0.378,0.325,-1.098
2003,Chicago Bears,7,9,0.438,-63,-0.278,0.624,62.5,-1.246,-0.188,-0.244,-0.21,0.5
2003,Detroit Lions,5,11,0.313,-109,-0.656,0.723,49.0,-1.199,-1.417,-0.878,0.096,0.121
2003,Carolina Panthers,11,5,0.688,21,-0.017,0.482,83.8,0.195,0.164,0.563,-0.363,-0.646
2003,New Orleans Saints,8,8,0.5,14,0.205,0.483,83.3,1.036,0.074,0.141,-0.21,-0.016
2003,Tampa Bay Buccaneers,7,9,0.438,37,-0.371,1.136,9.7,0.111,-0.881,1.332,-0.783,-1.636
2003,Atlanta Falcons,5,11,0.313,-123,-0.298,1.045,13.7,-1.124,0.325,-1.705,0.401,0.615
2003,St. Louis Rams,12,4,0.75,119,-0.006,0.948,23.5,-0.192,-0.349,0.102,-1.089,1.497
2003,Seattle Seahawks,10,6,0.625,77,0.415,0.276,97.9,0.686,0.389,0.121,0.172,0.708
2003,San Francisco 49ers,7,9,0.438,47,0.486,0.332,96.3,0.609,0.807,-0.071,0.592,0.493
2003,Arizona Cardinals,4,12,0.25,-227,-1.026,1.169,7.9,-0.891,-1.081,-2.281,-1.7,0.823
2004,New England Patriots,14,2,0.875,177,0.686,0.557,74.6,0.706,0.505,1.403,-0.112,0.927
2004,New York Jets,10,6,0.625,72,1.324,0.729,48.1,0.374,0.873,1.386,1.745,2.242
2004,Buffalo Bills,9,7,0.563,111,-0.123,0.851,34.5,-0.301,0.1,1.001,-0.05,-1.366
2004,Miami Dolphins,4,12,0.25,-79,-0.67,0.868,32.4,-1.326,-1.121,-0.172,-1.35,0.621
2004,Pittsburgh Steelers,15,1,0.938,121,0.907,0.423,88.5,0.396,1.004,1.554,0.785,0.794
2004,Baltimore Ravens,9,7,0.563,49,0.431,0.717,50.0,-0.494,0.154,1.269,1.033,0.193
2004,Cincinnati Bengals,8,8,0.5,2,-0.08,0.673,56.2,-0.534,0.044,-0.473,-0.484,1.049
2004,Cleveland Browns,4,12,0.25,-114,-0.539,0.688,55.1,-0.503,-0.794,-0.775,-1.226,0.601
2004,Indianapolis Colts,12,4,0.75,171,0.923,1.081,11.6,2.368,-0.178,-0.121,1.404,1.141
2004,Jacksonville Jaguars,9,7,0.563,-19,0.26,0.623,62.8,0.063,-0.311,1.068,0.754,-0.276
2004,Houston Texans,7,9,0.438,-30,0.041,0.149,99.9,-0.07,0.152,0.08,0.197,-0.154
2004,Tennessee Titans,5,11,0.313,-95,-0.407,0.676,56.1,-0.184,0.086,-1.596,-0.236,-0.103
2004,San Diego Chargers,12,4,0.75,133,0.983,0.525,78.7,1.192,1.17,0.515,1.652,0.387
2004,Denver Broncos,10,6,0.625,77,0.379,0.339,96.0,0.341,0.697,0.666,-0.143,0.336
2004,Kansas City Chiefs,7,9,0.438,48,0.056,1.237,5.2,0.534,1.804,-1.529,-0.019,-0.51
2004,Oakland Raiders,5,11,0.313,-122,-0.994,0.466,85.3,-0.328,-1.0,-1.646,-0.979,-1.02
2004,Philadelphia Eagles,13,3,0.813,126,0.529,0.851,34.4,0.983,-0.374,1.403,1.033,-0.398
2004,New York Giants,6,10,0.375,-44,-0.001,0.572,72.5,-0.451,0.489,-0.054,0.662,-0.653
2004,Dallas Cowboys,6,10,0.375,-112,-0.582,0.784,41.1,-0.632,-0.153,-1.026,-1.567,0.468
2004,Washington Redskins,6,10,0.375,-25,-0.219,1.057,12.9,-0.685,-0.714,1.319,0.352,-1.366
2004,Green Bay Packers,10,6,0.625,44,-0.161,0.507,80.7,0.702,-0.163,-0.607,-0.36,-0.378
2004,Minnesota Vikings,8,8,0.5,10,0.28,0.872,32.0,1.448,-0.176,-0.859,0.692,0.295
2004,Detroit Lions,6,10,0.375,-54,-0.049,0.806,38.5,-0.144,-0.392,-0.105,1.28,-0.887
2004,Chicago Bears,5,11,0.313,-100,-0.538,0.507,81.0,-1.195,-0.601,0.214,-0.669,-0.439
2004,Atlanta Falcons,11,5,0.688,3,0.177,0.904,28.3,-0.527,1.702,0.113,-0.484,0.081
2004,New Orleans Saints,8,8,0.5,-57,-0.647,1.069,12.5,-0.025,-0.241,-1.026,0.383,-2.324
2004,Carolina Panthers,7,9,0.438,16,-0.162,0.715,50.4,0.43,-0.734,0.08,0.507,-1.091
2004,Tampa Bay Buccaneers,5,11,0.313,-3,-0.329,0.789,40.9,-0.059,-0.871,0.666,-1.35,-0.031
2004,Seattle Seahawks,9,7,0.563,-2,0.535,1.167,8.0,-0.065,0.671,-0.49,0.074,2.486
2004,St. Louis Rams,8,8,0.5,-73,-0.833,0.69,54.8,-0.2,-0.371,-0.808,-1.969,-0.816
2004,Arizona Cardinals,6,10,0.375,-38,-0.182,0.489,82.7,-0.85,-0.296,0.364,0.228,-0.357
2004,San Francisco 49ers,2,14,0.125,-193,-0.995,0.959,22.2,-0.965,-0.96,-1.814,-1.783,0.55
2005,New England Patriots,10,6,0.625,41,0.152,0.51,80.4,0.965,-0.377,-0.137,0.234,0.075
2005,Miami Dolphins,9,7,0.563,1,-0.153,0.447,87.5,0.017,0.088,0.218,-0.174,-0.912
2005,Buffalo Bills,5,11,0.313,-96,-0.324,0.394,90.9,-0.504,-0.653,-0.627,-0.087,0.251
2005,New York Jets,4,12,0.25,-115,-0.413,0.791,40.6,-0.82,-0.933,-0.425,-0.846,0.958
2005,Cincinnati Bengals,11,5,0.688,71,0.401,0.596,68.5,1.195,0.306,-0.34,0.76,0.082
2005,Pittsburgh Steelers,11,5,0.688,131,0.821,0.31,97.3,0.649,0.989,1.214,0.848,0.406
2005,Baltimore Ravens,6,10,0.375,-34,-0.674,0.704,53.1,-0.86,-0.721,0.522,-1.313,-1.0
2005,Cleveland Browns,6,10,0.375,-69,-0.139,0.94,24.0,-0.513,-0.95,0.488,-0.904,1.186
2005,Indianapolis Colts,14,2,0.875,192,1.271,0.672,56.7,1.694,0.111,1.4,1.373,1.775
2005,Jacksonville Jaguars,12,4,0.75,92,0.67,0.798,39.7,0.787,0.481,1.029,1.607,-0.551
2005,Tennessee Titans,4,12,0.25,-122,-0.526,0.671,57.0,0.07,-0.73,-1.54,0.088,-0.522
2005,Houston Texans,2,14,0.125,-171,-0.343,0.916,26.5,-0.763,-0.135,-1.709,0.322,0.568
2005,Denver Broncos,13,3,0.813,137,1.321,0.391,91.5,0.738,1.698,1.214,1.665,1.289
2005,Kansas City Chiefs,10,6,0.625,78,0.656,0.558,74.4,0.676,1.545,0.082,0.672,0.303
2005,San Diego Chargers,9,7,0.563,106,0.438,0.326,96.7,0.559,0.938,0.302,0.088,0.303
2005,Oakland Raiders,4,12,0.25,-93,-0.487,0.848,35.3,0.051,-0.783,-0.898,0.672,-1.479
2005,New York Giants,11,5,0.688,108,0.141,0.878,31.1,0.231,0.856,0.268,0.702,-1.353
2005,Washington Redskins,10,6,0.625,66,0.457,0.299,97.6,0.694,0.691,0.623,0.234,0.045
2005,Dallas Cowboys,9,7,0.563,17,0.311,0.696,53.9,0.17,0.099,0.37,-0.495,1.414
2005,Philadelphia Eagles,6,10,0.375,-78,-0.748,0.491,82.6,-0.351,-0.682,-0.982,-0.262,-1.464
2005,Chicago Bears,11,5,0.688,58,0.467,1.147,9.1,-1.059,0.344,2.161,0.293,0.597
2005,Minnesota Vikings,9,7,0.563,-38,-0.373,0.235,98.8,-0.264,-0.641,-0.239,-0.116,-0.603
2005,Detroit Lions,5,11,0.313,-91,-0.315,0.593,68.9,-0.739,-0.739,-0.256,-0.525,0.685
2005,Green Bay Packers,4,12,0.25,-46,-0.895,0.981,19.9,-1.003,-0.877,-0.239,-2.451,0.097
2005,Tampa Bay Buccaneers,11,5,0.688,26,0.052,0.811,37.9,-0.231,0.035,0.944,0.643,-1.133
2005,Carolina Panthers,11,5,0.688,132,0.729,0.614,64.7,0.677,-0.046,1.198,0.351,1.466
2005,Atlanta Falcons,8,8,0.5,10,0.083,0.772,43.3,-0.042,1.294,-0.188,0.176,-0.823
2005,New Orleans Saints,3,13,0.188,-163,-1.184,0.549,75.6,-0.983,-0.423,-1.151,-1.897,-1.464
2005,Seattle Seahawks,13,3,0.813,181,1.228,0.481,83.9,1.08,1.773,0.995,1.665,0.627
2005,St. Louis Rams,6,10,0.375,-66,-0.75,0.724,48.8,-0.22,-0.413,-1.675,-1.371,-0.073
2005,Arizona Cardinals,5,11,0.313,-76,-1.191,0.672,56.5,-0.179,-1.723,-0.965,-1.225,-1.861
2005,San Francisco 49ers,4,12,0.25,-189,-0.683,1.154,8.6,-1.723,-0.42,-1.658,-0.729,1.112
2006,New England Patriots,12,4,0.75,148,0.429,1.111,10.4,0.643,0.577,1.954,0.106,-1.133
2006,New York Jets,10,6,0.625,21,0.476,0.749,46.0,-0.163,-0.026,0.742,0.16,1.665
2006,Buffalo Bills,7,9,0.438,-11,0.109,0.716,50.1,-0.038,-0.738,0.408,-0.244,1.157
2006,Miami Dolphins,6,10,0.375,-23,-0.011,0.749,46.3,-0.795,-0.663,0.993,0.43,-0.021
2006,Baltimore Ravens,13,3,0.813,152,0.536,1.34,2.4,0.353,-0.428,2.706,0.726,-0.676
2006,Cincinnati Bengals,8,8,0.5,42,0.362,0.558,74.3,1.113,-0.339,-0.01,0.537,0.509
2006,Pittsburgh Steelers,8,8,0.5,38,0.163,0.845,36.0,-0.071,0.326,0.324,-1.053,1.29
2006,Cleveland Browns,4,12,0.25,-118,-0.857,1.014,16.4,-1.322,-1.245,-0.532,-1.915,0.73
2006,Indianapolis Colts,12,4,0.75,67,0.535,0.921,26.0,1.844,0.055,-0.616,0.888,0.502
2006,Tennessee Titans,8,8,0.5,-76,-0.351,0.799,39.4,-0.839,0.581,-1.451,0.079,-0.124
2006,Jacksonville Jaguars,8,8,0.5,97,0.676,0.738,47.3,0.023,1.544,1.181,0.807,-0.176
2006,Houston Texans,6,10,0.375,-99,-0.228,0.399,90.2,-0.447,-0.3,-0.741,0.16,0.185
2006,San Diego Chargers,14,2,0.875,189,1.126,0.911,27.5,1.019,2.076,0.575,1.993,-0.036
2006,Kansas City Chiefs,9,7,0.563,16,0.64,0.531,77.8,0.223,0.684,0.324,0.43,1.54
2006,Denver Broncos,9,7,0.563,14,0.564,1.002,17.6,-0.214,0.343,0.533,-0.109,2.269
2006,Oakland Raiders,2,14,0.125,-164,-1.293,1.18,7.6,-2.046,-1.025,-0.031,-2.913,-0.448
2006,Philadelphia Eagles,10,6,0.625,70,0.241,1.15,8.9,1.709,0.166,0.053,0.726,-1.45
2006,Dallas Cowboys,9,7,0.563,75,-0.146,0.711,51.6,0.52,0.58,-0.407,-0.298,-1.126
2006,New York Giants,8,8,0.5,-7,-0.172,0.494,82.4,-0.065,0.427,-0.657,0.133,-0.698
2006,Washington Redskins,5,11,0.313,-69,0.028,1.027,15.6,0.469,0.479,-0.95,1.265,-1.126
2006,Chicago Bears,13,3,0.813,172,0.035,0.969,21.3,-0.121,0.185,1.578,-0.46,-1.008
2006,Green Bay Packers,8,8,0.5,-65,-0.282,0.576,71.3,-0.334,-0.537,-0.741,-0.514,0.715
2006,Minnesota Vikings,6,10,0.375,-45,-0.461,0.443,87.8,-0.954,-0.158,0.074,-0.406,-0.86
2006,Detroit Lions,3,13,0.188,-93,-1.271,0.537,76.8,-0.436,-1.525,-1.409,-1.861,-1.126
2006,New Orleans Saints,10,6,0.625,91,0.734,0.591,69.3,1.323,0.209,0.178,0.564,1.393
2006,Carolina Panthers,8,8,0.5,-35,0.058,0.523,78.9,-0.249,-0.71,0.533,0.403,0.31
2006,Atlanta Falcons,7,9,0.438,-36,0.241,0.78,41.8,-0.259,1.191,0.053,0.888,-0.669
2006,Tampa Bay Buccaneers,4,12,0.25,-142,-0.516,0.56,73.7,-0.979,-0.961,-0.469,-0.568,0.399
2006,Seattle Seahawks,9,7,0.563,-6,-0.182,0.528,78.1,-0.316,-0.173,-0.219,-0.837,0.634
2006,St. Louis Rams,8,8,0.5,-14,-0.008,1.202,6.2,0.909,-0.095,-1.054,1.481,-1.28
2006,San Francisco 49ers,7,9,0.438,-114,-0.451,0.763,44.5,-0.403,0.382,-1.702,-0.298,-0.235
2006,Arizona Cardinals,5,11,0.313,-75,-0.722,0.499,82.1,-0.098,-0.882,-1.221,-0.298,-1.111
2007,New England Patriots,16,0,1.0,315,1.328,0.968,21.4,2.333,0.521,1.343,2.239,0.205
2007,Buffalo Bills,7,9,0.438,-102,0.137,0.56,74.0,-0.381,-0.271,-0.129,0.87,0.595
2007,New York Jets,4,12,0.25,-87,0.052,0.94,23.8,-0.762,-0.598,-0.147,0.169,1.6
2007,Miami Dolphins,1,15,0.063,-170,-0.635,0.624,62.2,-0.733,-0.207,-1.656,-0.499,-0.082
2007,Pittsburgh Steelers,10,6,0.625,124,0.815,0.429,88.4,0.741,0.39,1.435,1.037,0.472
2007,Cleveland Browns,10,6,0.625,20,-0.232,0.572,72.6,0.225,0.299,-0.644,-0.031,-1.011
2007,Cincinnati Bengals,7,9,0.438,-5,-0.2,0.458,86.2,0.192,-0.573,-0.699,-0.265,0.342
2007,Baltimore Ravens,5,11,0.313,-109,-0.718,0.469,85.1,-0.546,-0.054,-0.681,-1.266,-1.045
2007,Indianapolis Colts,13,3,0.813,188,1.071,0.452,86.8,0.95,0.402,1.564,1.037,1.402
2007,Jacksonville Jaguars,11,5,0.688,107,1.145,0.325,96.9,1.123,1.476,0.791,1.471,0.862
2007,Tennessee Titans,10,6,0.625,4,0.021,0.864,33.0,-0.637,0.982,0.92,-0.799,-0.362
2007,Houston Texans,8,8,0.5,-5,-0.506,1.022,15.8,0.042,-0.332,-0.681,-2.134,0.575
2007,San Diego Chargers,11,5,0.688,128,0.511,0.611,65.0,0.054,0.984,1.159,0.636,-0.28
2007,Denver Broncos,7,9,0.438,-89,0.015,0.709,51.9,0.294,0.234,-1.141,-0.065,0.752
2007,Kansas City Chiefs,4,12,0.25,-109,-0.443,0.695,54.0,-0.841,-1.423,0.221,-0.332,0.158
2007,Oakland Raiders,4,12,0.25,-115,-0.634,0.609,65.6,-0.76,0.444,-0.938,-0.933,-0.984
2007,Dallas Cowboys,13,3,0.813,130,0.288,0.59,69.6,0.891,0.155,0.405,0.636,-0.649
2007,New York Giants,10,6,0.625,22,-0.034,0.743,46.4,-0.451,0.888,-0.074,-0.999,0.465
2007,Washington Redskins,9,7,0.563,24,0.221,0.392,91.2,0.356,0.445,0.681,-0.165,-0.211
2007,Philadelphia Eagles,8,8,0.5,36,0.473,0.252,98.4,0.164,0.414,0.865,0.436,0.486
2007,Green Bay Packers,13,3,0.813,144,0.118,1.26,4.6,0.921,-0.211,1.03,0.803,-1.954
2007,Minnesota Vikings,8,8,0.5,54,0.53,0.999,18.0,-0.299,2.155,0.662,-0.265,0.397
2007,Detroit Lions,7,9,0.438,-98,-0.818,0.796,40.2,-0.549,-0.723,-1.785,-1.333,0.301
2007,Chicago Bears,7,9,0.438,-14,-0.581,0.466,85.4,-0.715,-1.159,-0.018,-0.198,-0.813
2007,Tampa Bay Buccaneers,9,7,0.563,64,0.96,0.517,79.3,0.621,0.434,1.417,1.604,0.725
2007,Carolina Panthers,7,9,0.438,-80,-0.237,0.347,95.7,-0.542,-0.328,0.0,0.236,-0.553
2007,New Orleans Saints,7,9,0.438,-9,-0.093,0.704,53.0,0.296,-0.427,-0.754,-0.532,0.951
2007,Atlanta Falcons,4,12,0.25,-155,-0.564,0.805,38.8,-0.268,-0.853,-1.233,0.703,-1.168
2007,Seattle Seahawks,10,6,0.625,102,0.85,0.891,29.6,0.663,-0.475,1.03,1.037,1.996
2007,Arizona Cardinals,8,8,0.5,5,-1.159,1.032,14.9,0.041,-0.824,-0.957,-1.266,-2.788
2007,San Francisco 49ers,5,11,0.313,-145,-0.505,0.47,84.8,-1.101,-0.805,-0.313,-0.432,0.123
2007,St. Louis Rams,3,13,0.188,-175,-1.172,0.452,86.6,-1.322,-0.959,-1.674,-1.4,-0.505
2008,Miami Dolphins,11,5,0.688,28,0.816,0.703,53.6,0.931,0.245,0.543,1.986,0.376
2008,New England Patriots,11,5,0.688,101,0.848,0.601,67.7,0.312,0.981,0.666,0.458,1.825
2008,New York Jets,9,7,0.563,49,-0.039,1.027,15.5,-0.695,0.652,-0.054,-1.336,1.238
2008,Buffalo Bills,7,9,0.438,-6,0.016,0.994,18.8,-0.455,0.07,0.16,-1.203,1.506
2008,Pittsburgh Steelers,12,4,0.75,124,0.155,1.078,11.8,-0.196,-0.245,1.982,0.092,-0.857
2008,Baltimore Ravens,11,5,0.688,141,0.538,0.901,28.6,-0.068,1.03,1.661,0.69,-0.624
2008,Cincinnati Bengals,4,11,0.281,-160,-0.34,0.93,24.9,-1.222,-1.177,-0.177,-0.173,1.049
2008,Cleveland Browns,4,12,0.25,-118,-0.524,0.761,44.6,-1.517,-0.979,0.038,-0.539,0.376
2008,Tennessee Titans,13,3,0.813,141,0.603,1.207,6.1,0.06,1.048,1.814,1.321,-1.228
2008,Indianapolis Colts,12,4,0.75,79,0.439,0.926,25.4,0.809,-1.214,0.834,0.956,0.807
2008,Houston Texans,8,8,0.5,-28,-0.307,0.755,45.4,0.034,0.116,-0.636,-1.469,0.419
2008,Jacksonville Jaguars,5,11,0.313,-65,-0.257,0.371,93.6,-0.278,0.055,-0.222,0.026,-0.866
2008,San Diego Chargers,8,8,0.5,92,0.365,0.814,37.8,1.598,-0.306,0.084,0.757,-0.305
2008,Denver Broncos,8,8,0.5,-78,-0.527,0.897,29.0,0.329,0.23,-1.463,-1.502,-0.228
2008,Oakland Raiders,5,11,0.313,-125,-0.348,0.487,83.0,-0.447,-0.156,-0.544,0.358,-0.952
2008,Kansas City Chiefs,2,14,0.125,-149,-0.209,0.715,50.6,-0.261,-0.184,-1.34,0.159,0.583
2008,New York Giants,12,4,0.75,133,0.726,1.056,13.1,0.498,1.318,0.895,1.853,-0.935
2008,Philadelphia Eagles,9,6,0.594,127,0.382,0.483,83.5,0.045,-0.236,0.972,0.458,0.669
2008,Dallas Cowboys,9,7,0.563,-3,-0.713,0.917,26.3,0.182,-0.309,-0.192,-1.137,-2.108
2008,Washington Redskins,8,8,0.5,-31,0.58,0.409,89.6,0.129,0.226,0.865,1.089,0.592
2008,Minnesota Vikings,10,6,0.625,46,0.088,0.504,81.2,-0.165,0.735,0.298,-0.605,0.178
2008,Chicago Bears,9,7,0.563,25,0.19,0.501,81.7,-0.214,-0.283,0.038,0.524,0.885
2008,Green Bay Packers,6,10,0.375,39,-0.368,1.214,5.8,0.703,-0.336,-0.422,0.557,-2.341
2008,Detroit Lions,0,16,0.0,-249,-1.065,0.891,29.5,-0.804,-1.153,-2.519,-0.705,-0.141
2008,Carolina Panthers,12,4,0.75,85,0.841,0.609,65.8,0.377,1.829,0.359,0.989,0.652
2008,Atlanta Falcons,11,5,0.688,66,0.85,0.385,92.1,0.549,1.377,0.421,0.856,1.049
2008,Tampa Bay Buccaneers,9,7,0.563,38,-0.135,0.554,74.7,-0.007,-0.132,0.451,0.059,-1.047
2008,New Orleans Saints,8,8,0.5,70,-0.159,0.705,52.4,1.025,-0.098,-0.621,-0.373,-0.728
2008,Arizona Cardinals,9,7,0.563,1,-0.601,0.867,32.7,0.886,-1.239,-1.126,-0.937,-0.59
2008,San Francisco 49ers,7,9,0.438,-42,-0.707,0.66,58.6,-0.381,-0.717,-0.437,-1.834,-0.167
2008,Seattle Seahawks,4,12,0.25,-98,-0.172,0.65,59.7,-0.553,-0.426,-0.605,-0.24,0.962
2008,St. Louis Rams,2,14,0.125,-233,-0.967,0.625,62.1,-1.206,-0.723,-1.723,-1.137,-0.047
2009,New England Patriots,10,6,0.625,142,0.595,0.32,97.0,0.868,0.391,1.002,0.437,0.276
2009,New York Jets,9,7,0.563,112,0.577,1.282,4.2,-0.936,1.748,1.841,-0.55,0.783
2009,Miami Dolphins,7,9,0.438,-30,0.001,0.991,18.9,-0.711,1.102,-0.797,-0.656,1.067
2009,Buffalo Bills,6,10,0.375,-68,-0.289,0.413,89.0,-0.718,-0.384,0.299,-0.056,-0.586
2009,Cincinnati Bengals,10,6,0.625,14,0.103,0.554,75.0,-0.007,0.042,0.899,0.226,-0.647
2009,Baltimore Ravens,9,7,0.563,130,0.252,1.561,0.4,0.197,1.107,1.413,0.966,-2.423
2009,Pittsburgh Steelers,9,7,0.563,44,0.244,0.384,92.4,0.741,-0.296,0.334,0.367,0.076
2009,Cleveland Browns,5,11,0.313,-130,-0.362,0.819,37.6,-1.215,0.145,-0.54,-0.973,0.775
2009,Indianapolis Colts,14,2,0.875,109,0.492,0.999,18.2,0.833,-0.943,0.625,0.155,1.79
2009,Houston Texans,9,7,0.563,55,-0.144,0.603,67.3,0.748,-0.75,0.179,-0.479,-0.416
2009,Tennessee Titans,8,8,0.5,-48,-0.087,0.972,20.8,-0.19,1.562,-1.003,-0.479,-0.324
2009,Jacksonville Jaguars,7,9,0.438,-90,0.441,0.906,28.1,-0.012,0.621,-0.626,0.402,1.821
2009,San Diego Chargers,13,3,0.813,134,0.832,0.967,21.6,1.33,-0.675,0.402,1.495,1.606
2009,Denver Broncos,8,8,0.5,2,0.148,0.4,90.0,0.129,-0.28,0.334,0.72,-0.163
2009,Oakland Raiders,5,11,0.313,-182,-0.901,0.241,98.7,-1.126,-0.675,-0.609,-1.008,-1.085
2009,Kansas City Chiefs,4,12,0.25,-130,-0.176,0.88,30.8,-0.622,-0.177,-1.38,0.437,0.86
2009,Dallas Cowboys,11,5,0.688,111,0.743,0.997,18.5,1.009,0.518,1.601,1.46,-0.87
2009,Philadelphia Eagles,11,5,0.688,92,0.073,0.945,23.7,0.685,-0.248,0.111,1.143,-1.324
2009,New York Giants,8,8,0.5,-25,-0.308,0.783,41.2,0.707,-0.051,-1.431,-0.585,-0.178
2009,Washington Redskins,4,12,0.25,-70,-0.002,0.602,67.4,-0.081,-0.911,0.128,0.085,0.768
2009,Minnesota Vikings,12,4,0.75,158,0.835,0.657,58.8,1.436,0.397,0.539,1.636,0.168
2009,Green Bay Packers,11,5,0.688,164,0.45,1.561,0.6,1.12,0.449,0.796,2.024,-2.139
2009,Chicago Bears,7,9,0.438,-48,-0.718,0.305,97.5,-0.512,-1.055,-0.54,-1.043,-0.439
2009,Detroit Lions,2,14,0.125,-232,-1.404,1.114,10.3,-1.598,-0.65,-2.579,-2.278,0.083
2009,New Orleans Saints,13,3,0.813,169,0.45,0.627,61.6,1.346,0.872,0.042,0.05,-0.063
2009,Atlanta Falcons,9,7,0.563,38,0.298,0.342,95.8,0.096,0.146,0.316,0.05,0.883
2009,Carolina Panthers,8,8,0.5,7,0.275,0.838,36.5,-0.688,1.316,0.608,-0.479,0.622
2009,Tampa Bay Buccaneers,3,13,0.188,-156,-0.767,0.806,38.7,-1.225,-0.919,-0.968,-1.361,0.637
2009,Arizona Cardinals,10,6,0.625,50,-0.379,0.669,57.4,0.255,-0.424,0.316,-1.22,-0.824
2009,San Francisco 49ers,8,8,0.5,49,0.384,0.726,48.7,-0.073,-0.449,1.07,1.213,0.16
2009,Seattle Seahawks,5,11,0.313,-110,-0.658,0.171,99.7,-0.509,-0.857,-0.797,-0.656,-0.47
2009,St. Louis Rams,1,15,0.063,-261,-1.0,0.464,85.7,-1.276,-0.672,-1.585,-1.043,-0.424
2010,New England Patriots,14,2,0.875,205,1.147,0.796,39.9,1.843,0.78,0.674,2.137,0.302
2010,New York Jets,11,5,0.688,63,0.316,0.742,46.6,-0.172,0.945,0.828,0.729,-0.751
2010,Miami Dolphins,7,9,0.438,-60,-0.085,0.933,24.6,-0.753,-0.725,0.334,-0.653,1.374
2010,Buffalo Bills,4,12,0.25,-142,-0.583,1.053,13.4,-0.509,-0.707,-1.233,-1.601,1.136
2010,Pittsburgh Steelers,12,4,0.75,143,0.725,0.951,22.9,0.72,0.38,2.054,1.027,-0.557
2010,Baltimore Ravens,12,4,0.75,87,0.745,0.574,71.9,0.514,-0.107,1.407,1.027,0.885
2010,Cleveland Browns,5,11,0.313,-61,-0.104,0.709,51.8,-0.809,-0.255,0.351,-0.68,0.872
2010,Cincinnati Bengals,4,12,0.25,-73,-0.41,0.617,63.7,-0.156,-0.917,-0.722,-0.815,0.559
2010,Indianapolis Colts,10,6,0.625,47,0.018,0.606,66.4,0.612,-0.547,-0.603,-0.03,0.659
2010,Jacksonville Jaguars,8,8,0.5,-66,-0.092,1.014,16.7,-0.267,1.042,-1.131,-0.978,0.872
2010,Houston Texans,6,10,0.375,-37,0.405,0.951,23.2,0.582,1.066,-1.267,0.864,0.778
2010,Tennessee Titans,6,10,0.375,17,-0.304,0.663,58.2,0.106,-0.06,0.232,-0.382,-1.416
2010,Kansas City Chiefs,10,6,0.625,40,0.853,0.626,61.8,0.542,1.242,0.453,1.758,0.271
2010,San Diego Chargers,9,7,0.563,119,0.564,0.597,68.3,1.295,0.471,0.521,-0.328,0.86
2010,Oakland Raiders,8,8,0.5,39,-0.322,1.643,0.1,-0.393,1.588,-0.313,0.404,-2.895
2010,Denver Broncos,4,12,0.25,-127,-0.47,1.029,15.3,0.486,-0.434,-2.017,0.431,-0.814
2010,Philadelphia Eagles,10,6,0.625,62,0.029,1.208,6.0,0.521,1.405,-0.416,0.431,-1.798
2010,New York Giants,10,6,0.625,47,-0.069,1.086,11.5,0.211,1.015,0.095,-1.899,0.233
2010,Dallas Cowboys,6,10,0.375,-42,-0.411,0.636,60.7,0.342,-0.26,-1.421,-0.409,-0.306
2010,Washington Redskins,6,10,0.375,-75,-0.192,0.722,49.4,-0.386,-0.851,-0.416,-0.355,1.048
2010,Chicago Bears,11,5,0.688,48,-0.066,0.772,43.5,-0.509,-0.592,1.134,-0.653,0.289
2010,Green Bay Packers,10,6,0.625,148,0.854,0.906,28.0,1.005,-0.539,1.918,0.648,1.236
2010,Detroit Lions,6,10,0.375,-7,-0.372,0.575,71.7,-0.053,-0.489,-0.279,0.241,-1.278
2010,Minnesota Vikings,6,10,0.375,-67,-0.396,0.957,22.5,-1.306,0.512,0.078,-1.547,0.283
2010,Atlanta Falcons,13,3,0.813,126,0.873,0.477,84.5,0.528,0.221,1.1,1.162,1.355
2010,New Orleans Saints,11,5,0.688,77,-0.231,0.728,48.2,0.253,-0.822,0.777,-0.924,-0.438
2010,Tampa Bay Buccaneers,10,6,0.625,23,0.476,0.534,77.4,0.859,-0.007,0.589,1.081,-0.143
2010,Carolina Panthers,2,14,0.125,-212,-1.035,0.574,72.0,-1.915,-0.443,-0.944,-1.222,-0.651
2010,Seattle Seahawks,7,9,0.438,-97,-0.675,0.233,99.0,-0.885,-0.679,-0.927,-0.409,-0.475
2010,St. Louis Rams,7,9,0.438,-39,-0.072,0.768,43.9,-0.669,-0.742,0.419,1.027,-0.394
2010,San Francisco 49ers,6,10,0.375,-41,-0.139,0.527,78.4,-0.137,-0.517,0.112,0.593,-0.745
2010,Arizona Cardinals,5,11,0.313,-145,-0.978,0.48,84.1,-1.5,-0.973,-1.387,-0.68,-0.35
2011,New England Patriots,13,3,0.813,171,0.682,0.601,68.0,1.347,0.18,0.211,1.326,0.347
2011,New York Jets,8,8,0.5,14,-0.161,0.172,99.6,-0.289,-0.206,-0.133,-0.3,0.121
2011,Miami Dolphins,6,10,0.375,16,0.254,0.353,95.1,-0.066,0.069,0.685,-0.005,0.586
2011,Buffalo Bills,6,10,0.375,-62,-0.379,0.846,35.6,-0.609,0.103,-1.294,-0.921,0.825
2011,Baltimore Ravens,12,4,0.75,112,0.591,0.562,73.5,0.034,0.346,1.453,0.291,0.832
2011,Pittsburgh Steelers,12,4,0.75,98,0.269,1.164,8.3,0.216,0.106,2.091,-1.158,0.088
2011,Cincinnati Bengals,9,7,0.563,21,0.207,0.513,79.8,-0.063,-0.321,0.521,0.942,-0.045
2011,Cleveland Browns,4,12,0.25,-89,0.019,0.85,35.1,-0.481,-1.163,0.783,0.823,0.135
2011,Houston Texans,10,6,0.625,103,0.785,0.507,80.8,0.574,1.317,1.257,0.675,0.101
2011,Tennessee Titans,9,7,0.563,8,-0.125,0.707,52.1,0.144,-1.092,0.619,0.321,-0.615
2011,Jacksonville Jaguars,5,11,0.313,-86,0.194,0.845,35.9,-1.06,-0.074,0.423,0.439,1.243
2011,Indianapolis Colts,2,14,0.125,-187,-0.25,1.344,2.1,-0.547,-0.753,-1.228,-0.832,2.113
2011,Denver Broncos,8,8,0.5,-81,-0.016,0.661,58.3,-0.308,1.061,-0.574,-0.419,0.161
2011,San Diego Chargers,8,8,0.5,29,-0.045,0.683,55.4,0.166,0.251,-0.362,-1.039,0.759
2011,Oakland Raiders,8,8,0.5,-74,-1.0,1.444,1.5,-0.273,0.613,-1.277,-0.803,-3.258
2011,Kansas City Chiefs,7,9,0.438,-126,-0.226,0.376,92.9,-0.671,-0.435,0.276,0.025,-0.323
2011,New York Giants,9,7,0.563,-6,0.068,0.622,62.9,0.669,-0.45,-0.738,0.38,0.48
2011,Philadelphia Eagles,8,8,0.5,68,-0.033,1.016,16.2,-0.403,1.217,0.439,-1.513,0.095
2011,Dallas Cowboys,8,8,0.5,22,0.209,0.525,78.6,0.794,-0.626,0.129,0.409,0.34
2011,Washington Redskins,5,11,0.313,-79,-0.735,0.623,62.6,-0.786,-0.774,-0.198,-1.719,-0.197
2011,Green Bay Packers,15,1,0.938,201,1.059,1.295,4.0,2.162,-0.61,-0.067,1.976,1.834
2011,Detroit Lions,10,6,0.625,87,-0.255,0.938,24.3,0.81,-0.795,-0.525,0.616,-1.379
2011,Chicago Bears,8,8,0.5,12,-0.087,0.474,84.7,-0.628,0.057,0.227,-0.537,0.447
2011,Minnesota Vikings,3,13,0.188,-109,-0.265,0.961,22.0,-0.535,1.14,-1.539,-0.123,-0.27
2011,New Orleans Saints,13,3,0.813,208,0.602,0.51,80.2,1.424,0.66,0.26,0.557,0.108
2011,Atlanta Falcons,10,6,0.625,52,0.383,0.311,97.2,0.556,0.013,0.08,0.616,0.652
2011,Carolina Panthers,6,10,0.375,-23,-0.064,1.192,6.8,0.051,1.814,-1.212,-0.005,-0.967
2011,Tampa Bay Buccaneers,4,12,0.25,-207,-1.457,0.736,47.5,-0.89,-0.94,-2.275,-2.252,-0.927
2011,San Francisco 49ers,13,3,0.813,151,0.824,1.335,3.0,0.388,0.406,2.058,2.242,-0.974
2011,Arizona Cardinals,8,8,0.5,-36,-0.549,0.412,89.4,-0.686,-0.43,0.112,-0.832,-0.908
2011,Seattle Seahawks,7,9,0.438,6,-0.116,0.719,49.9,-0.409,0.018,0.652,0.35,-1.193
2011,St. Louis Rams,2,14,0.125,-214,-0.386,0.534,77.5,-0.63,-0.704,-0.852,0.468,-0.211
2012,New England Patriots,12,4,0.75,226,0.939,0.589,69.8,1.317,1.327,0.563,1.407,0.082
2012,Miami Dolphins,7,9,0.438,-29,0.255,0.617,63.8,-0.468,0.102,0.801,-0.136,0.978
2012,New York Jets,6,10,0.375,-94,-0.373,1.077,12.1,-1.216,0.049,-0.186,-1.613,1.102
2012,Buffalo Bills,6,10,0.375,-91,-0.55,0.842,36.2,-0.32,0.517,-1.206,-1.581,-0.157
2012,Baltimore Ravens,10,6,0.625,54,0.077,1.336,2.8,0.289,0.387,0.342,1.503,-2.135
2012,Cincinnati Bengals,10,6,0.625,71,0.074,0.386,92.0,-0.011,-0.217,0.75,-0.103,-0.049
2012,Pittsburgh Steelers,8,8,0.5,22,-0.287,0.779,42.0,0.178,-0.786,0.852,-1.003,-0.675
2012,Cleveland Browns,5,11,0.313,-66,-0.486,0.56,73.8,-0.895,-0.431,-0.066,0.154,-1.192
2012,Houston Texans,12,4,0.75,85,0.56,0.565,73.4,0.25,0.849,0.563,1.31,-0.173
2012,Indianapolis Colts,11,5,0.688,-30,-0.235,0.348,95.4,-0.358,-0.353,-0.39,-0.457,0.384
2012,Tennessee Titans,6,10,0.375,-141,-0.716,0.692,54.3,-0.67,-0.342,-1.818,-0.778,0.028
2012,Jacksonville Jaguars,2,14,0.125,-189,-0.859,0.496,82.3,-0.779,-1.25,-1.359,-0.103,-0.806
2012,Denver Broncos,13,3,0.813,192,0.628,0.69,54.6,1.454,-0.033,1.277,0.089,0.353
2012,San Diego Chargers,7,9,0.438,0,-0.221,0.609,65.9,-0.197,-1.115,0.24,-0.457,0.422
2012,Oakland Raiders,4,12,0.25,-153,-0.692,0.579,70.8,-0.132,-1.201,-1.342,-0.103,-0.682
2012,Kansas City Chiefs,2,14,0.125,-214,-0.643,1.309,3.7,-1.609,0.554,-1.036,-2.031,0.909
2012,Washington Redskins,10,6,0.625,48,0.589,1.242,4.9,1.081,1.771,-0.407,1.535,-1.038
2012,New York Giants,9,7,0.563,85,0.679,0.802,39.1,0.333,0.431,0.342,0.186,2.106
2012,Dallas Cowboys,8,8,0.5,-24,-0.511,0.547,76.0,0.094,-1.208,-0.611,-0.81,-0.018
2012,Philadelphia Eagles,4,12,0.25,-164,-0.694,0.846,35.7,-0.536,-0.123,-1.359,-1.742,0.291
2012,Green Bay Packers,11,5,0.688,97,0.467,0.974,20.4,1.47,-0.459,0.478,1.407,-0.559
2012,Minnesota Vikings,10,6,0.625,31,0.25,0.655,59.1,-0.454,1.312,0.274,-0.039,0.16
2012,Chicago Bears,10,6,0.625,98,0.321,0.721,49.6,-0.5,0.099,1.481,0.218,0.306
2012,Detroit Lions,4,12,0.25,-65,-0.625,0.48,84.2,-0.212,-0.076,-1.24,-0.875,-0.721
2012,Atlanta Falcons,13,3,0.813,120,1.041,1.481,1.0,0.775,-0.742,1.107,0.7,3.365
2012,Carolina Panthers,7,9,0.438,-6,0.427,0.37,93.8,0.407,0.888,0.019,0.7,0.121
2012,New Orleans Saints,7,9,0.438,7,-0.304,0.888,30.4,0.879,-0.524,-1.529,0.121,-0.466
2012,Tampa Bay Buccaneers,7,9,0.438,-5,0.082,0.375,93.2,0.144,0.022,-0.509,0.507,0.245
2012,San Francisco 49ers,11,4,0.719,124,0.857,0.985,19.2,0.895,1.216,1.549,1.471,-0.845
2012,Seattle Seahawks,11,5,0.688,167,0.925,0.841,36.3,0.881,1.228,2.026,0.796,-0.304
2012,St. Louis Rams,7,8,0.469,-49,-0.205,0.615,64.4,-0.13,-0.661,0.274,0.475,-0.984
2012,Arizona Cardinals,5,11,0.313,-107,-0.773,0.857,33.8,-1.959,-1.231,0.121,-0.746,-0.049
2013,New England Patriots,12,4,0.75,106,0.785,0.445,87.6,0.241,0.875,0.56,0.804,1.445
2013,New York Jets,8,8,0.5,-97,-0.326,0.665,57.9,-1.181,0.483,-0.191,-0.796,0.052
2013,Miami Dolphins,8,8,0.5,-18,0.079,1.032,14.6,-0.586,-0.918,0.606,-0.329,1.623
2013,Buffalo Bills,6,10,0.375,-49,-0.127,0.67,57.1,-0.713,0.895,-0.206,0.104,-0.717
2013,Cincinnati Bengals,11,5,0.688,125,-0.099,0.851,34.7,0.292,-0.006,1.065,-0.829,-1.019
2013,Pittsburgh Steelers,8,8,0.5,9,0.081,0.756,45.1,0.319,-0.992,0.069,-0.096,1.104
2013,Baltimore Ravens,8,8,0.5,-32,-0.599,0.635,60.9,-1.09,-1.25,0.345,-0.362,-0.638
2013,Cleveland Browns,4,12,0.25,-98,-0.661,0.359,94.3,-0.566,-1.3,-0.482,-0.462,-0.493
2013,Indianapolis Colts,11,5,0.688,55,0.908,0.835,36.9,0.221,0.125,0.59,1.837,1.767
2013,Tennessee Titans,7,9,0.438,-19,0.013,0.332,96.1,-0.196,0.385,-0.099,0.337,-0.362
2013,Jacksonville Jaguars,4,12,0.25,-202,-0.752,0.687,55.2,-1.089,-1.384,-1.141,-0.462,0.315
2013,Houston Texans,2,14,0.125,-152,-1.006,0.536,76.9,-0.933,-0.524,-0.819,-0.829,-1.926
2013,Denver Broncos,13,3,0.813,207,0.401,1.273,4.3,2.349,0.378,-0.375,0.671,-1.019
2013,Kansas City Chiefs,11,5,0.688,125,0.719,0.389,91.7,0.199,0.764,1.065,1.104,0.466
2013,San Diego Chargers,9,7,0.563,48,0.478,0.459,86.0,1.193,-0.072,0.406,0.337,0.525
2013,Oakland Raiders,4,12,0.25,-131,-0.527,0.678,56.0,-0.748,0.586,-1.202,-0.829,-0.441
2013,Philadelphia Eagles,10,6,0.625,60,0.769,0.773,43.2,1.271,1.556,-0.114,1.137,-0.007
2013,Dallas Cowboys,8,8,0.5,7,0.017,0.732,47.9,0.651,-0.41,-0.88,0.871,-0.145
2013,New York Giants,7,9,0.438,-89,-0.899,1.135,9.8,-1.271,-0.919,-0.13,-2.562,0.387
2013,Washington Redskins,3,13,0.188,-144,-0.536,0.998,18.3,-0.656,0.674,-1.585,-1.395,0.282
2013,Green Bay Packers,8,7,0.531,-11,0.13,0.616,64.0,0.307,0.868,-0.819,0.004,0.289
2013,Chicago Bears,8,8,0.5,-33,0.067,1.001,17.7,0.831,0.084,-1.585,0.104,0.9
2013,Detroit Lions,7,9,0.438,19,-0.362,0.767,44.0,0.237,0.133,-0.022,-1.629,-0.526
2013,Minnesota Vikings,5,10,0.344,-89,-0.181,1.238,5.1,-0.691,1.245,-1.616,-0.829,0.985
2013,Carolina Panthers,12,4,0.75,125,0.921,0.782,41.7,-0.02,0.432,2.045,1.004,1.143
2013,New Orleans Saints,11,5,0.688,110,0.629,0.885,30.5,1.231,-0.721,1.08,1.37,0.184
2013,Atlanta Falcons,4,12,0.25,-90,-0.503,0.61,65.5,-0.141,-1.004,-1.049,-0.696,0.374
2013,Tampa Bay Buccaneers,4,12,0.25,-101,-0.502,1.032,14.7,-0.466,-0.847,-0.222,0.937,-1.913
2013,Seattle Seahawks,13,3,0.813,186,0.511,1.639,0.3,0.875,0.663,2.199,1.037,-2.222
2013,San Francisco 49ers,12,4,0.75,134,0.835,0.614,64.6,0.453,1.014,1.571,1.137,-0.0
2013,Arizona Cardinals,10,6,0.625,55,-0.082,0.779,42.3,-0.3,-0.52,0.774,-1.029,0.663
2013,St. Louis Rams,7,9,0.438,-16,-0.179,0.554,74.9,-0.025,-0.293,0.161,0.337,-1.078
2014,New England Patriots,12,4,0.75,155,0.429,1.185,7.3,0.877,-0.033,0.909,1.755,-1.363
2014,Buffalo Bills,9,7,0.563,54,-0.104,0.973,20.7,-0.272,-0.892,1.36,0.3,-1.015
2014,Miami Dolphins,8,8,0.5,15,0.477,0.796,40.0,-0.014,0.26,-0.218,0.555,1.803
2014,New York Jets,4,12,0.25,-118,-0.243,0.655,59.2,-0.934,0.693,-0.744,0.082,-0.31
2014,Pittsburgh Steelers,11,5,0.688,68,0.293,0.575,71.6,1.227,-0.214,-0.124,0.191,0.387
2014,Cincinnati Bengals,10,5,0.656,21,0.248,0.666,57.7,-0.406,1.166,0.327,-0.391,0.543
2014,Baltimore Ravens,10,6,0.625,107,0.633,0.375,93.3,0.416,0.73,1.116,0.773,0.131
2014,Cleveland Browns,7,9,0.438,-38,0.038,0.5,82.0,-0.667,0.299,0.459,0.409,-0.31
2014,Indianapolis Colts,11,5,0.688,89,-0.075,0.714,51.2,0.916,-0.497,-0.143,-0.937,0.287
2014,Houston Texans,9,7,0.563,65,0.465,0.364,94.0,0.067,0.585,1.022,0.264,0.387
2014,Jacksonville Jaguars,3,13,0.188,-163,-0.177,1.441,1.6,-1.518,-0.376,-0.95,-0.282,2.244
2014,Tennessee Titans,2,14,0.125,-184,-0.725,0.478,84.4,-0.512,-0.949,-1.439,-0.209,-0.517
2014,Denver Broncos,12,4,0.75,128,0.249,0.867,32.9,1.105,0.235,0.139,0.882,-1.114
2014,Kansas City Chiefs,9,7,0.563,72,0.992,0.558,74.1,0.153,0.795,1.511,1.028,1.476
2014,San Diego Chargers,9,7,0.563,0,-0.333,0.587,70.1,0.08,-1.227,0.252,-0.209,-0.559
2014,Oakland Raiders,3,13,0.188,-199,-1.024,0.585,70.7,-0.951,-1.535,-1.702,-0.573,-0.36
2014,Dallas Cowboys,12,4,0.75,115,0.548,0.68,55.7,1.315,1.178,0.177,-0.282,0.351
2014,Philadelphia Eagles,10,6,0.625,74,-0.61,0.913,27.1,-0.347,0.661,-0.725,-1.882,-0.759
2014,New York Giants,6,10,0.375,-20,-0.147,0.393,91.1,0.376,-0.196,-0.725,-0.136,-0.054
2014,Washington Redskins,4,12,0.25,-137,-0.962,0.764,44.3,-0.481,0.129,-1.439,-1.3,-1.719
2014,Green Bay Packers,12,4,0.75,138,1.009,0.738,47.2,1.782,0.412,0.252,1.791,0.807
2014,Detroit Lions,11,5,0.688,39,0.194,0.983,19.5,-0.039,-0.684,1.492,0.918,-0.716
2014,Minnesota Vikings,7,9,0.438,-18,0.056,0.604,66.7,-1.002,0.116,0.346,0.446,0.373
2014,Chicago Bears,5,11,0.313,-123,-1.008,0.465,85.6,-0.477,-0.795,-1.514,-1.482,-0.773
2014,Carolina Panthers,7,8,0.469,-35,0.189,0.459,85.9,-0.091,0.249,-0.237,0.082,0.942
2014,New Orleans Saints,7,9,0.438,-23,-0.101,1.321,3.3,0.347,0.471,-1.176,-1.7,1.554
2014,Atlanta Falcons,6,10,0.375,-36,-0.263,0.588,69.9,0.3,-0.525,-1.044,-0.391,0.344
2014,Tampa Bay Buccaneers,2,14,0.125,-133,-1.039,0.545,76.2,-0.999,-1.041,-0.913,-1.882,-0.36
2014,Seattle Seahawks,12,4,0.75,140,1.131,1.296,3.9,0.489,2.142,2.018,1.864,-0.858
2014,Arizona Cardinals,11,5,0.688,11,0.424,1.092,11.2,0.013,-1.31,1.172,0.955,1.291
2014,San Francisco 49ers,8,8,0.5,-34,0.081,0.356,94.6,-0.195,0.461,0.402,0.082,-0.346
2014,St. Louis Rams,6,10,0.375,-30,-0.646,0.714,51.3,-0.56,-0.306,0.139,-0.718,-1.783
2015,New England Patriots,12,4,0.75,150,0.849,0.9,28.7,1.227,-0.478,0.889,1.982,0.623
2015,New York Jets,10,6,0.625,73,0.508,0.502,81.5,0.184,0.232,0.906,0.041,1.178
2015,Buffalo Bills,8,8,0.5,20,0.176,1.548,0.7,0.298,1.775,0.107,1.028,-2.33
2015,Miami Dolphins,6,10,0.375,-79,-0.3,0.654,59.4,-0.231,-0.418,-0.427,0.699,-1.123
2015,Cincinnati Bengals,12,4,0.75,140,0.836,0.505,81.1,1.081,0.584,1.528,0.798,0.191
2015,Pittsburgh Steelers,10,6,0.625,104,0.217,0.567,73.2,0.016,0.337,0.818,-0.65,0.563
2015,Baltimore Ravens,5,11,0.313,-73,-0.937,0.392,91.4,-0.98,-0.716,-0.64,-0.748,-1.601
2015,Cleveland Browns,3,13,0.188,-154,-0.97,0.247,98.5,-0.593,-0.856,-1.191,-1.143,-1.069
2015,Houston Texans,9,7,0.563,26,0.282,0.508,80.5,-0.057,-0.334,0.924,0.633,0.244
2015,Indianapolis Colts,8,8,0.5,-75,-0.698,0.448,87.4,-0.893,-1.037,-0.764,-0.88,0.084
2015,Jacksonville Jaguars,5,11,0.313,-72,-0.532,0.756,45.2,-0.048,-0.859,-1.475,-0.748,0.472
2015,Tennessee Titans,3,13,0.188,-124,-0.502,1.035,14.4,-0.673,-0.57,-1.031,-1.472,1.238
2015,Denver Broncos,12,4,0.75,59,-0.371,1.031,15.2,-1.163,0.108,1.226,-1.11,-0.918
2015,Kansas City Chiefs,11,5,0.688,118,0.938,0.601,67.6,0.131,1.163,1.386,1.522,0.487
2015,Oakland Raiders,7,9,0.438,-40,-0.417,0.704,52.8,0.144,-0.878,-0.604,0.469,-1.214
2015,San Diego Chargers,4,12,0.25,-78,-0.366,0.604,67.0,0.267,-1.29,-0.586,-0.222,0.001
2015,Washington Redskins,9,7,0.563,9,0.207,0.591,69.2,0.71,-0.5,-0.249,0.206,0.866
2015,Philadelphia Eagles,7,9,0.438,-53,-0.361,0.914,26.9,-0.606,0.195,-1.155,-1.176,0.935
2015,New York Giants,6,10,0.375,-22,-0.016,1.035,14.3,0.589,-0.692,-1.368,0.14,1.254
2015,Dallas Cowboys,4,12,0.25,-99,-0.579,1.042,14.1,-1.228,0.102,-0.16,-2.065,0.456
2015,Minnesota Vikings,11,5,0.688,63,0.77,0.755,45.5,-0.531,1.364,1.12,0.798,1.102
2015,Green Bay Packers,10,6,0.625,45,0.42,0.407,89.7,0.215,-0.064,0.746,0.929,0.274
2015,Detroit Lions,7,9,0.438,-42,-0.329,0.521,79.2,0.156,-1.084,-0.622,-0.189,0.092
2015,Chicago Bears,6,10,0.375,-62,0.034,0.361,94.2,-0.018,0.332,-0.569,0.173,0.251
2015,Carolina Panthers,15,1,0.938,192,0.882,0.38,92.7,0.84,1.439,1.013,0.699,0.418
2015,Atlanta Falcons,8,8,0.5,-6,-0.435,0.808,38.2,-0.331,-0.193,0.355,-1.801,-0.204
2015,New Orleans Saints,7,9,0.438,-68,-0.437,1.165,8.2,0.787,-0.147,-1.973,0.436,-1.29
2015,Tampa Bay Buccaneers,6,10,0.375,-75,-0.595,1.073,12.4,-0.018,0.899,-0.924,-1.012,-1.92
2015,Arizona Cardinals,13,3,0.813,176,0.834,0.57,72.8,1.263,0.611,0.924,-0.025,1.398
2015,Seattle Seahawks,10,6,0.625,146,0.817,0.782,41.5,1.177,0.806,1.564,1.028,-0.492
2015,St. Louis Rams,7,9,0.438,-50,0.025,0.856,33.9,-0.936,0.812,0.622,0.502,-0.872
2015,San Francisco 49ers,5,11,0.313,-149,0.05,0.912,27.4,-0.779,-0.644,-0.391,1.16,0.904
2016,New England Patriots,14,2,0.875,191,1.429,0.631,61.3,1.542,0.695,2.114,1.93,0.864
2016,Miami Dolphins,10,6,0.625,-17,-0.311,0.799,39.3,0.221,0.162,-0.288,0.046,-1.697
2016,Buffalo Bills,7,9,0.438,21,0.61,1.234,5.5,-0.235,2.438,-0.251,1.353,-0.254
2016,New York Jets,5,11,0.313,-134,-0.721,1.056,13.2,-1.369,-0.143,-0.824,-1.991,0.721
2016,Pittsburgh Steelers,11,5,0.688,72,0.084,0.716,50.3,0.452,-0.022,0.691,0.41,-1.11
2016,Baltimore Ravens,8,8,0.5,22,-0.374,0.889,30.2,-0.663,-0.786,0.802,0.228,-1.451
2016,Cincinnati Bengals,6,9,0.406,10,0.75,0.591,69.0,0.066,0.334,0.913,0.836,1.601
2016,Cleveland Browns,1,15,0.063,-188,-0.369,1.197,6.4,-1.04,-0.086,-1.618,-0.623,1.522
2016,Houston Texans,9,7,0.563,-49,-0.033,0.715,50.7,-1.166,-0.099,0.673,-0.046,0.475
2016,Tennessee Titans,9,7,0.563,3,0.19,0.642,60.3,0.474,0.951,-0.251,0.441,-0.666
2016,Indianapolis Colts,8,8,0.5,19,-0.064,0.399,90.5,0.361,-0.237,-0.51,-0.289,0.357
2016,Jacksonville Jaguars,3,13,0.188,-82,-0.912,0.641,60.4,-0.57,-0.563,-0.658,-0.714,-2.054
2016,Kansas City Chiefs,12,4,0.75,78,0.496,0.397,90.6,0.112,0.062,0.987,0.684,0.634
2016,Oakland Raiders,12,4,0.75,31,-0.095,1.479,1.2,0.681,0.521,-0.381,1.231,-2.529
2016,Denver Broncos,9,7,0.563,36,-0.044,0.749,46.1,-0.258,-0.647,1.245,-0.106,-0.452
2016,San Diego Chargers,5,11,0.313,-13,-0.523,1.234,5.7,0.074,-0.669,-1.083,-2.112,1.173
2016,Dallas Cowboys,13,3,0.813,115,0.968,0.531,78.0,0.787,1.811,1.079,0.775,0.388
2016,New York Giants,11,5,0.688,26,0.042,1.017,16.1,-0.16,-1.146,1.486,-0.532,0.563
2016,Washington Redskins,8,7,0.531,13,0.106,0.357,94.5,0.636,0.132,-0.344,-0.046,0.15
2016,Philadelphia Eagles,7,9,0.438,36,-0.008,0.532,77.7,-0.812,0.274,0.617,0.015,-0.135
2016,Green Bay Packers,10,6,0.625,44,0.35,0.672,56.8,1.033,-0.303,-0.436,0.654,0.8
2016,Detroit Lions,9,7,0.563,-12,0.068,0.75,45.8,0.216,-1.209,0.118,0.684,0.531
2016,Minnesota Vikings,8,8,0.5,20,0.283,0.99,19.0,0.165,-1.316,1.061,1.14,0.364
2016,Chicago Bears,3,13,0.188,-120,-0.702,0.67,57.3,-0.444,-0.246,-0.639,-1.869,-0.309
2016,Atlanta Falcons,11,5,0.688,134,0.789,1.004,17.4,1.822,0.752,-0.769,1.505,0.634
2016,Tampa Bay Buccaneers,9,7,0.563,-15,-0.347,0.451,87.1,-0.103,-0.483,-0.085,-1.079,0.016
2016,New Orleans Saints,7,9,0.438,15,-0.272,0.93,25.1,0.864,0.198,-1.655,-0.441,-0.325
2016,Carolina Panthers,6,10,0.375,-33,-0.218,0.704,52.7,-0.625,0.328,-0.695,-0.836,0.737
2016,Seattle Seahawks,10,5,0.656,62,0.259,0.698,53.7,0.181,-0.359,1.338,0.471,-0.333
2016,Arizona Cardinals,7,8,0.469,56,-0.092,0.514,79.6,-0.267,0.352,0.044,-0.897,0.309
2016,Los Angeles Rams,4,12,0.25,-170,-1.134,0.385,92.3,-1.555,-1.286,-0.547,-0.988,-1.292
2016,San Francisco 49ers,2,14,0.125,-171,-0.206,1.172,7.7,-0.421,0.591,-2.136,0.167,0.769
2017,New England Patriots,13,3,0.813,162,1.038,0.387,91.8,1.312,0.574,1.152,1.46,0.693
2017,Buffalo Bills,9,7,0.563,-57,0.193,0.543,76.3,-0.485,0.486,-0.257,0.814,0.406
2017,Miami Dolphins,6,10,0.375,-112,-1.223,0.382,92.6,-0.752,-1.313,-1.018,-1.252,-1.781
2017,New York Jets,5,11,0.313,-84,-0.373,0.434,88.1,-0.329,-0.011,-0.772,0.104,-0.858
2017,Pittsburgh Steelers,13,3,0.813,98,0.36,0.418,88.7,0.64,-0.201,0.883,0.265,0.212
2017,Baltimore Ravens,9,7,0.563,92,0.575,0.765,44.2,-0.619,0.325,0.995,0.814,1.36
2017,Cincinnati Bengals,7,9,0.438,-59,-0.428,0.604,66.8,0.001,-1.32,-0.034,0.007,-0.796
2017,Cleveland Browns,0,16,0.0,-176,-1.288,1.32,3.4,-1.935,-0.016,-1.398,-3.092,0.003
2017,Jacksonville Jaguars,10,6,0.625,149,0.662,0.878,31.0,0.072,1.446,1.778,0.104,-0.09
2017,Tennessee Titans,9,7,0.563,-22,0.054,0.769,43.8,-0.829,0.588,-0.19,-0.38,1.081
2017,Indianapolis Colts,4,12,0.25,-141,-0.003,1.042,14.0,-0.623,-0.262,-1.264,1.008,1.128
2017,Houston Texans,4,12,0.25,-98,-0.86,0.754,45.7,-0.197,-0.123,-1.979,-1.026,-0.974
2017,Kansas City Chiefs,10,6,0.625,76,0.463,0.961,21.9,0.982,0.419,0.19,1.653,-0.928
2017,Los Angeles Chargers,9,7,0.563,83,0.626,0.873,31.7,1.011,-0.493,1.689,0.943,-0.02
2017,Oakland Raiders,6,10,0.375,-72,-0.548,0.451,87.2,-0.027,-0.268,-0.57,-1.22,-0.656
2017,Denver Broncos,5,11,0.313,-93,-0.676,0.809,38.1,-1.19,-0.052,-0.772,-1.672,0.305
2017,Philadelphia Eagles,13,3,0.813,162,0.646,0.599,68.2,1.159,0.538,1.174,0.653,-0.292
2017,Dallas Cowboys,9,7,0.563,22,0.301,0.572,72.3,-0.1,1.269,0.347,0.104,-0.113
2017,Washington Redskins,7,9,0.438,-46,-0.046,1.001,17.9,0.402,-0.83,-0.906,-0.38,1.484
2017,New York Giants,3,13,0.188,-142,-0.418,0.527,78.3,-0.555,-0.894,-0.906,0.039,0.228
2017,Minnesota Vikings,13,3,0.813,130,0.919,0.853,34.2,0.791,0.627,2.136,1.234,-0.191
2017,Detroit Lions,9,7,0.563,34,-0.332,0.771,43.6,0.793,-1.324,-0.637,-0.154,-0.338
2017,Green Bay Packers,7,9,0.438,-64,-0.17,0.777,42.6,-0.661,0.15,-0.816,-0.574,1.05
2017,Chicago Bears,5,11,0.313,-56,-0.071,0.501,81.8,-0.749,0.144,0.615,-0.219,-0.144
2017,New Orleans Saints,11,5,0.688,122,0.69,0.695,54.2,0.999,1.553,0.481,0.75,-0.331
2017,Carolina Panthers,11,5,0.688,36,0.545,0.913,27.2,-0.454,0.928,0.458,-0.09,1.88
2017,Atlanta Falcons,10,6,0.625,38,0.366,0.254,98.2,0.463,0.229,0.727,0.362,0.049
2017,Tampa Bay Buccaneers,5,11,0.313,-47,-0.322,0.98,20.1,0.411,-0.97,-0.772,-1.284,1.003
2017,Los Angeles Rams,11,5,0.688,149,0.593,0.412,89.3,1.119,0.794,0.414,0.62,0.018
2017,Seattle Seahawks,9,7,0.563,34,-0.427,1.709,0.0,0.677,-0.829,0.347,0.911,-3.239
2017,Arizona Cardinals,8,8,0.5,-66,-0.445,0.587,70.2,-0.699,-1.253,-0.302,-0.316,0.344
2017,San Francisco 49ers,6,10,0.375,-52,-0.403,0.353,95.2,-0.629,0.086,-0.794,-0.187,-0.493
2018,New England Patriots,11,5,0.688,111,0.955,0.483,83.2,0.584,0.612,0.929,0.875,1.774
2018,Miami Dolphins,7,9,0.438,-114,-0.567,0.348,95.5,-0.307,-0.518,-1.14,-0.277,-0.592
2018,Buffalo Bills,6,10,0.375,-105,-0.716,0.834,37.1,-1.733,0.221,-0.01,-1.324,-0.733
2018,New York Jets,4,12,0.25,-108,-0.872,0.401,89.9,-1.087,-0.647,-1.293,-1.045,-0.288
2018,Baltimore Ravens,10,6,0.625,102,0.588,0.86,33.3,-0.18,1.318,1.657,0.351,-0.208
2018,Pittsburgh Steelers,9,6,0.594,68,-0.376,0.646,59.8,0.322,-0.477,0.259,-0.905,-1.077
2018,Cleveland Browns,7,8,0.469,-33,0.027,0.264,98.1,-0.129,0.251,-0.354,0.107,0.258
2018,Cincinnati Bengals,6,10,0.375,-87,-0.321,0.821,37.5,-0.267,-0.132,-1.562,0.735,-0.38
2018,Houston Texans,11,5,0.688,86,0.841,0.553,75.3,0.392,0.113,1.102,1.259,1.339
2018,Indianapolis Colts,10,6,0.625,89,-0.022,0.511,80.1,0.495,-0.311,0.565,-0.521,-0.339
2018,Tennessee Titans,9,7,0.563,7,0.739,0.935,24.4,-0.469,0.34,1.351,0.526,1.946
2018,Jacksonville Jaguars,5,11,0.313,-71,-0.788,1.146,9.2,-0.915,-0.819,1.102,-1.359,-1.947
2018,Kansas City Chiefs,12,4,0.75,144,-0.147,1.547,0.9,1.733,0.372,-0.91,0.421,-2.351
2018,Los Angeles Chargers,12,4,0.75,99,0.416,0.536,77.1,0.76,0.35,0.853,0.596,-0.481
2018,Denver Broncos,6,10,0.375,-20,-0.006,0.618,63.5,-0.642,0.661,0.469,0.142,-0.663
2018,Oakland Raiders,4,12,0.25,-177,-0.766,0.615,64.3,-0.168,-0.751,-1.792,-0.661,-0.46
2018,Dallas Cowboys,10,6,0.625,15,0.417,0.354,94.9,0.05,0.177,0.948,0.561,0.349
2018,Philadelphia Eagles,9,7,0.563,19,0.105,0.595,68.6,0.373,-0.743,0.489,-0.277,0.682
2018,Washington Redskins,7,9,0.438,-78,-0.325,0.573,72.2,-0.93,-0.253,0.278,0.177,-0.895
2018,New York Giants,5,11,0.313,-43,-0.11,0.538,76.6,-0.063,-0.164,-0.738,0.735,-0.319
2018,Chicago Bears,12,4,0.75,138,0.54,0.925,25.7,0.04,0.2,1.734,-0.521,1.248
2018,Minnesota Vikings,8,7,0.531,19,0.352,0.85,35.0,0.273,-0.94,0.623,0.386,1.42
2018,Green Bay Packers,6,9,0.406,-24,0.317,0.873,31.8,0.448,0.073,-0.508,1.747,-0.177
2018,Detroit Lions,6,10,0.375,-36,0.049,0.513,79.9,-0.355,-0.587,0.259,0.246,0.682
2018,New Orleans Saints,13,3,0.813,151,0.659,0.577,71.0,1.148,1.183,0.393,0.77,-0.197
2018,Atlanta Falcons,7,9,0.438,-9,0.036,0.799,39.6,1.1,-0.532,-0.948,0.351,0.207
2018,Carolina Panthers,7,9,0.438,-6,0.302,0.616,64.1,-0.141,0.924,-0.163,-0.137,1.026
2018,Tampa Bay Buccaneers,5,11,0.313,-68,-1.138,1.013,16.8,0.03,-0.877,-1.734,-2.546,-0.562
2018,Los Angeles Rams,13,3,0.813,143,0.621,0.601,67.9,0.76,1.461,-0.201,0.665,0.419
2018,Seattle Seahawks,10,6,0.625,81,0.819,0.872,32.1,0.808,1.221,0.508,1.957,-0.4
2018,San Francisco 49ers,4,12,0.25,-93,-0.89,0.643,60.1,-0.373,-0.386,-1.178,-1.883,-0.632
2018,Arizona Cardinals,3,13,0.188,-200,-0.737,1.186,7.1,-1.558,-1.342,-0.987,-1.15,1.35
2019,New England Patriots,12,4,0.75,195,0.856,0.859,33.5,0.134,0.067,2.143,1.22,0.717
2019,Buffalo Bills,10,6,0.625,55,0.371,0.776,42.7,-0.419,0.316,1.623,0.429,-0.091
2019,New York Jets,7,9,0.438,-83,-0.756,0.779,42.1,-0.955,-1.406,0.092,0.034,-1.544
2019,Miami Dolphins,5,11,0.313,-188,-0.69,1.193,6.7,-0.753,-1.363,-1.975,-0.56,1.198
2019,Baltimore Ravens,14,2,0.875,249,1.262,0.741,46.7,1.282,2.422,1.271,0.937,0.398
2019,Pittsburgh Steelers,8,8,0.5,-14,-0.443,0.964,21.7,-1.144,-0.997,0.949,-1.209,0.186
2019,Cleveland Browns,6,10,0.375,-58,-0.671,0.655,58.9,-0.746,0.244,-0.429,-0.87,-1.552
2019,Cincinnati Bengals,2,14,0.125,-141,-0.483,0.982,19.8,-0.97,-0.799,-0.842,-1.068,1.263
2019,Houston Texans,10,6,0.625,-7,0.07,0.326,96.6,0.146,0.51,-0.306,-0.192,0.194
2019,Tennessee Titans,9,7,0.563,71,0.653,0.487,82.9,0.888,1.11,0.52,0.881,-0.132
2019,Indianapolis Colts,7,9,0.438,-12,0.48,0.929,25.3,-0.288,0.685,-0.122,0.118,2.006
2019,Jacksonville Jaguars,6,10,0.375,-97,-0.569,0.955,22.6,0.086,-0.838,-0.49,0.429,-2.034
2019,Kansas City Chiefs,12,4,0.75,143,0.426,0.951,23.1,1.305,-0.204,0.873,1.079,-0.924
2019,Denver Broncos,7,9,0.438,-34,0.093,0.631,61.2,-0.651,-0.378,0.75,0.711,0.031
2019,Oakland Raiders,7,9,0.438,-106,-0.307,1.006,17.3,0.465,0.068,-0.827,0.57,-1.813
2019,Los Angeles Chargers,5,11,0.313,-8,-0.391,0.889,29.9,-0.157,-0.658,0.306,-1.802,0.358
2019,Philadelphia Eagles,9,7,0.563,31,0.341,0.19,99.1,0.222,0.376,0.168,0.288,0.651
2019,Dallas Cowboys,8,8,0.5,113,0.435,0.704,53.3,1.047,0.806,0.674,0.401,-0.752
2019,New York Giants,4,12,0.25,-110,-0.491,1.091,11.3,-0.211,-0.288,-1.317,-1.718,1.076
2019,Washington Redskins,3,13,0.188,-169,-0.401,0.707,52.2,-0.886,-0.657,-1.072,-0.051,0.66
2019,Green Bay Packers,13,3,0.813,63,0.824,0.455,86.5,0.485,0.295,0.796,1.389,1.157
2019,Minnesota Vikings,10,6,0.625,104,0.61,0.329,96.4,0.707,0.849,0.949,0.372,0.17
2019,Chicago Bears,8,8,0.5,-18,0.085,0.858,33.6,-0.707,-0.932,1.026,0.401,0.635
2019,Detroit Lions,3,12,0.219,-82,-0.339,0.416,88.8,0.103,-0.655,-0.888,-0.079,-0.173
2019,New Orleans Saints,13,3,0.813,117,0.549,1.255,4.8,1.383,-0.206,0.367,2.18,-0.981
2019,Atlanta Falcons,7,9,0.438,-18,-0.41,0.399,90.3,0.163,-0.948,-0.52,-0.418,-0.328
2019,Tampa Bay Buccaneers,7,9,0.438,9,-1.151,0.93,25.0,-0.103,-0.379,-1.286,-2.395,-1.593
2019,Carolina Panthers,5,11,0.313,-130,-0.529,1.334,3.1,-1.412,0.462,-1.607,-1.407,1.321
2019,San Francisco 49ers,13,3,0.813,169,0.514,0.639,60.6,0.674,1.322,0.842,-0.079,-0.189
2019,Seattle Seahawks,11,5,0.688,7,0.343,0.548,75.7,0.944,0.684,-0.505,0.316,0.276
2019,Los Angeles Rams,9,7,0.563,30,-0.092,0.187,99.4,-0.149,-0.101,0.015,-0.362,0.137
2019,Arizona Cardinals,5,10,0.344,-81,-0.187,0.727,48.5,-0.48,0.593,-1.179,0.457,-0.328
2020,Buffalo Bills,13,3,0.813,126,-0.063,0.846,35.4,1.041,-0.317,0.369,-0.168,-1.24
2020,Miami Dolphins,10,6,0.625,66,0.299,0.723,49.3,-0.238,-0.508,0.999,0.148,1.096
2020,New England Patriots,7,9,0.438,-27,0.479,1.074,12.2,-0.87,0.941,0.743,-0.286,1.867
2020,New York Jets,2,14,0.125,-214,-0.84,0.594,68.8,-1.128,-0.906,-1.029,0.187,-1.324
2020,Pittsburgh Steelers,12,4,0.75,104,0.431,1.077,11.9,0.214,-1.306,1.442,1.135,0.669
2020,Baltimore Ravens,11,5,0.688,165,0.548,1.401,1.9,0.048,2.183,1.596,0.306,-1.393
2020,Cleveland Browns,11,5,0.688,-11,0.223,0.732,47.8,0.49,1.041,-0.381,0.661,-0.698
2020,Cincinnati Bengals,4,11,0.281,-113,-0.291,0.608,66.1,-0.618,-0.6,-0.467,-0.562,0.791
2020,Tennessee Titans,11,5,0.688,52,0.757,1.108,10.6,1.031,1.864,-0.722,1.648,-0.034
2020,Indianapolis Colts,11,5,0.688,89,0.267,0.721,49.7,0.299,0.348,0.59,1.016,-0.92
2020,Houston Texans,4,12,0.25,-80,0.164,1.195,6.5,1.213,-1.087,-1.148,0.622,1.218
2020,Jacksonville Jaguars,1,15,0.063,-186,-1.344,0.586,70.4,-0.779,-1.046,-1.625,-1.036,-2.233
2020,Kansas City Chiefs,14,2,0.875,111,0.285,0.984,19.3,1.387,-0.341,0.59,0.858,-1.072
2020,Las Vegas Raiders,8,8,0.5,-44,-0.489,0.917,26.2,0.628,0.257,-1.387,-1.352,-0.591
2020,Los Angeles Chargers,7,9,0.438,-42,0.191,0.703,53.4,0.377,-0.542,-0.501,1.095,0.524
2020,Denver Broncos,5,11,0.313,-123,-0.775,1.155,8.5,-1.4,-0.242,-0.841,-2.22,0.829
2020,Washington Football Team,7,9,0.438,6,-0.114,0.982,19.6,-1.256,-0.408,1.153,-0.681,0.623
2020,New York Giants,6,10,0.375,-77,-0.025,0.873,31.5,-0.974,-0.445,0.675,-0.483,1.104
2020,Dallas Cowboys,6,10,0.375,-78,-0.731,0.483,83.6,-0.292,-0.329,-1.302,-1.194,-0.538
2020,Philadelphia Eagles,4,11,0.281,-84,-0.748,0.776,42.9,-1.512,0.254,-0.364,-1.549,-0.568
2020,Green Bay Packers,13,3,0.813,140,1.148,0.883,30.7,1.908,0.359,0.471,2.279,0.722
2020,Chicago Bears,8,8,0.5,2,-0.246,0.504,81.4,-0.741,-0.708,0.454,-0.247,0.012
2020,Minnesota Vikings,7,9,0.438,-45,0.133,0.996,18.6,0.587,0.874,-1.336,-0.444,0.982
2020,Detroit Lions,5,11,0.313,-142,-0.648,0.869,32.3,0.012,-0.614,-2.086,0.069,-0.622
2020,New Orleans Saints,12,4,0.75,145,0.458,1.266,4.5,0.574,1.494,1.016,0.937,-1.729
2020,Tampa Bay Buccaneers,11,5,0.688,137,0.479,0.669,57.6,0.893,-0.669,0.709,0.977,0.485
2020,Carolina Panthers,5,11,0.313,-52,-0.282,0.397,90.8,-0.664,-0.138,-0.092,-0.72,0.203
2020,Atlanta Falcons,4,12,0.25,-18,-0.066,0.553,75.1,0.139,-0.924,-0.296,0.424,0.325
2020,Seattle Seahawks,12,4,0.75,88,0.474,0.287,97.8,0.458,0.082,0.437,0.503,0.89
2020,Los Angeles Rams,10,6,0.625,76,0.44,0.915,26.8,-0.385,0.371,1.715,-0.444,0.943
2020,Arizona Cardinals,8,8,0.5,43,0.117,0.618,63.4,-0.034,0.927,0.505,-0.128,-0.683
2020,San Francisco 49ers,6,10,0.375,-14,-0.23,0.688,54.9,-0.41,0.136,0.113,-1.352,0.363
2021,Buffalo Bills,11,6,0.647,194,0.451,1.05,13.5,0.218,0.744,2.035,0.084,-0.824
2021,New England Patriots,10,7,0.588,159,0.531,0.83,37.4,0.296,0.91,1.755,-0.402,0.096
2021,Miami Dolphins,9,8,0.529,-32,-0.233,0.567,73.1,-0.519,-0.981,0.354,-0.327,0.308
2021,New York Jets,4,13,0.235,-194,-1.009,0.855,34.1,-1.17,-0.583,-2.268,-1.075,0.052
2021,Cincinnati Bengals,10,7,0.588,84,0.627,0.79,40.8,0.815,-0.351,0.294,0.57,1.806
2021,Pittsburgh Steelers,9,7,0.559,-55,-0.087,0.664,58.0,-0.277,-1.03,-0.146,0.757,0.264
2021,Cleveland Browns,8,9,0.471,-22,-0.086,0.901,28.4,-0.425,1.157,0.394,-0.327,-1.226
2021,Baltimore Ravens,8,9,0.471,-5,-0.058,0.705,52.5,-0.723,1.014,-0.026,-0.664,0.111
2021,Tennessee Titans,12,5,0.706,65,0.073,0.895,29.3,-0.339,1.294,0.734,-0.552,-0.773
2021,Indianapolis Colts,9,8,0.529,86,0.934,0.434,88.2,0.466,1.398,0.514,0.982,1.309
2021,Houston Texans,4,13,0.235,-172,-0.804,0.624,62.4,-0.605,-1.499,-1.227,0.122,-0.81
2021,Jacksonville Jaguars,3,14,0.176,-204,-0.903,0.681,55.5,-1.22,-0.486,-1.327,-1.561,0.082
2021,Kansas City Chiefs,12,5,0.706,116,0.012,0.65,59.5,0.751,0.008,0.534,-0.813,-0.423
2021,Las Vegas Raiders,10,7,0.588,-65,-0.756,0.68,55.8,0.124,-0.73,-0.967,-0.477,-1.73
2021,Los Angeles Chargers,9,8,0.529,15,-0.442,0.834,37.2,0.617,-0.069,-1.367,-0.178,-1.212
2021,Denver Broncos,7,10,0.412,13,0.723,0.55,75.4,0.157,0.184,1.375,0.757,1.141
2021,Dallas Cowboys,12,5,0.706,172,0.193,1.122,10.1,1.181,0.246,0.654,0.608,-1.723
2021,Philadelphia Eagles,9,8,0.529,59,0.64,0.728,48.4,0.212,1.822,0.114,0.869,0.184
2021,Washington Football Team,7,10,0.412,-99,-0.239,0.715,50.9,-0.511,-0.022,-0.867,-0.701,0.907
2021,New York Giants,4,13,0.235,-158,-0.654,1.237,5.4,-1.505,-1.032,-0.507,-1.636,1.411
2021,Green Bay Packers,13,4,0.765,79,0.967,0.875,31.4,1.394,-0.249,0.394,1.916,1.382
2021,Minnesota Vikings,8,9,0.471,-1,0.104,1.313,3.6,1.106,-0.436,-0.707,1.842,-1.285
2021,Chicago Bears,6,11,0.353,-96,-0.7,0.628,61.5,-1.372,-0.046,-0.327,-1.374,-0.379
2021,Detroit Lions,3,13,0.206,-142,-0.5,0.661,58.5,-0.395,-0.378,-1.528,-0.514,0.315
2021,Tampa Bay Buccaneers,13,4,0.765,158,0.424,0.604,67.1,1.116,-0.348,0.754,0.645,-0.05
2021,New Orleans Saints,9,8,0.529,29,0.486,0.586,70.5,0.018,-0.167,1.115,1.056,0.41
2021,Atlanta Falcons,7,10,0.412,-146,-0.676,0.925,25.6,-0.408,-1.251,-1.367,-1.187,0.834
2021,Carolina Panthers,5,12,0.294,-100,-0.665,0.756,44.9,-1.677,-0.142,-0.266,-1.262,0.023
2021,Los Angeles Rams,12,5,0.706,88,0.325,0.973,20.5,0.71,-0.885,0.374,-0.252,1.682
2021,Arizona Cardinals,11,6,0.647,83,0.452,0.836,36.6,0.538,0.734,0.494,1.393,-0.898
2021,San Francisco 49ers,10,7,0.588,62,0.1,0.915,26.6,0.665,0.765,0.514,0.009,-1.453
2021,Seattle Seahawks,7,10,0.412,29,0.766,0.535,77.2,0.763,0.411,0.494,1.692,0.469
2022,Buffalo Bills,13,3,0.813,169,0.352,1.448,1.3,0.815,0.362,1.913,-2.02,0.69
2022,Miami Dolphins,9,8,0.529,-2,-0.371,0.673,56.4,0.737,-0.737,-0.641,-0.242,-0.97
2022,New England Patriots,8,9,0.471,17,-0.247,0.451,86.9,-0.313,-0.524,0.534,-0.346,-0.584
2022,New York Jets,7,10,0.412,-20,-0.261,0.861,33.2,-0.764,-0.657,1.235,-0.294,-0.826
2022,Cincinnati Bengals,12,4,0.75,96,0.681,0.939,24.1,0.857,-0.927,1.099,0.856,1.521
2022,Baltimore Ravens,10,7,0.588,35,0.514,0.74,46.9,-0.37,0.882,1.257,-0.19,0.99
2022,Pittsburgh Steelers,9,8,0.529,-38,0.253,0.723,49.1,-0.907,0.035,0.557,0.908,0.671
2022,Cleveland Browns,7,10,0.412,-20,-0.067,0.612,64.9,-0.219,0.863,-0.235,0.072,-0.816
2022,Jacksonville Jaguars,9,8,0.529,54,0.356,0.548,75.9,0.572,0.164,0.466,-0.451,1.028
2022,Tennessee Titans,7,10,0.412,-61,-0.226,0.867,32.6,-0.315,0.178,0.263,0.438,-1.695
2022,Indianapolis Colts,4,12,0.265,-138,-1.295,1.043,13.8,-1.469,-0.691,-1.274,-2.908,-0.13
2022,Houston Texans,3,13,0.206,-131,-0.71,1.142,9.5,-1.123,-1.448,-1.116,-1.183,1.318
2022,Kansas City Chiefs,14,3,0.824,127,0.379,0.835,36.8,1.663,0.101,0.037,0.647,-0.555
2022,Los Angeles Chargers,10,7,0.588,7,0.329,0.91,27.7,0.417,-0.834,-0.302,0.961,1.405
2022,Las Vegas Raiders,6,11,0.353,-23,-0.639,0.606,66.2,-0.076,-0.136,-1.071,-0.451,-1.463
2022,Denver Broncos,5,12,0.294,-72,-0.449,0.889,30.1,-0.667,-0.398,0.263,0.386,-1.83
2022,Philadelphia Eagles,14,3,0.824,133,0.963,0.442,87.9,0.987,1.68,0.602,0.595,0.951
2022,Dallas Cowboys,12,5,0.706,125,0.217,0.591,69.5,-0.123,0.875,0.647,0.281,-0.594
2022,New York Giants,9,7,0.559,-6,0.543,1.021,15.9,0.072,0.99,-0.008,2.111,-0.449
2022,Washington Commanders,8,8,0.5,-22,-0.096,0.413,89.1,-0.427,-0.249,0.624,-0.19,-0.237
2022,Minnesota Vikings,13,4,0.765,-3,-0.158,0.808,38.4,0.166,-0.423,-1.274,-0.19,0.932
2022,Detroit Lions,9,8,0.529,26,0.504,1.181,7.4,1.325,0.65,-1.274,1.745,0.072
2022,Green Bay Packers,8,9,0.471,-1,0.098,0.188,99.3,0.267,-0.114,-0.008,0.02,0.323
2022,Chicago Bears,3,14,0.176,-137,-0.4,1.34,2.2,-0.931,1.477,-2.088,-0.712,0.256
2022,Tampa Bay Buccaneers,8,9,0.471,-45,-0.17,0.98,20.2,0.314,-1.869,0.285,0.542,-0.121
2022,Carolina Panthers,7,10,0.412,-27,-0.002,0.646,60.0,-0.358,0.302,-0.076,0.908,-0.787
2022,New Orleans Saints,7,10,0.412,-15,-0.173,0.577,71.1,0.237,-0.281,0.579,-0.817,-0.584
2022,Atlanta Falcons,7,10,0.412,-21,0.501,0.896,29.2,0.034,1.049,-0.348,-0.033,1.801
2022,San Francisco 49ers,13,4,0.765,173,1.151,0.619,63.1,1.226,0.756,2.116,1.17,0.488
2022,Seattle Seahawks,9,8,0.529,6,-0.182,0.538,76.5,0.566,-0.154,-0.687,0.072,-0.71
2022,Los Angeles Rams,5,12,0.294,-77,-0.325,0.899,28.9,-0.97,-0.643,-0.302,-0.922,1.212
2022,Arizona Cardinals,4,13,0.235,-109,-1.07,0.568,72.9,-1.224,-0.281,-1.772,-0.765,-1.308
2023,Buffalo Bills,11,6,0.647,140,0.08,1.012,17.0,0.237,0.888,1.183,-1.131,-0.778
2023,Miami Dolphins,11,6,0.647,105,0.3,0.851,34.8,0.802,1.425,-0.42,-0.627,0.317
2023,New York Jets,7,10,0.412,-87,-0.829,0.691,54.5,-1.414,-0.875,0.302,-0.795,-1.363
2023,New England Patriots,4,13,0.235,-130,-0.373,1.014,16.5,-1.368,-0.825,0.081,-0.929,1.177
2023,Baltimore Ravens,13,4,0.765,203,0.757,1.338,2.7,0.98,1.804,1.805,0.652,-1.458
2023,Cleveland Browns,11,6,0.647,34,-0.612,0.778,42.4,-0.966,0.222,0.162,-1.568,-0.91
2023,Pittsburgh Steelers,10,7,0.588,-20,0.521,0.611,65.2,-0.283,0.224,0.923,1.291,0.45
2023,Cincinnati Bengals,9,8,0.529,-18,0.353,1.032,15.0,0.066,-0.806,-0.279,1.022,1.762
2023,Houston Texans,10,7,0.588,24,0.106,1.107,10.9,0.782,-0.733,0.342,1.425,-1.288
2023,Jacksonville Jaguars,9,8,0.529,6,-0.023,0.95,23.4,-0.071,-0.375,-0.019,-1.131,1.479
2023,Indianapolis Colts,9,8,0.529,-19,0.288,0.783,41.4,-0.031,0.495,-0.9,0.786,1.092
2023,Tennessee Titans,6,11,0.353,-62,-0.099,0.575,71.4,-0.51,0.004,0.061,0.719,-0.768
2023,Kansas City Chiefs,11,6,0.647,77,-0.075,0.97,21.1,0.032,-0.481,1.524,-1.03,-0.419
2023,Las Vegas Raiders,8,9,0.471,1,0.038,1.107,10.7,-0.689,-0.897,0.783,-0.627,1.62
2023,Denver Broncos,8,9,0.471,-56,-0.024,0.632,61.0,0.479,-0.543,-0.86,0.315,0.487
2023,Los Angeles Chargers,5,12,0.294,-52,0.042,0.626,61.9,0.395,-0.688,-0.56,0.349,0.714
2023,Dallas Cowboys,12,5,0.706,194,0.318,1.142,9.4,1.157,-0.018,1.103,0.887,-1.542
2023,Philadelphia Eagles,11,6,0.647,5,-0.291,0.91,27.8,-0.052,0.874,-1.161,-1.266,0.148
2023,New York Giants,6,11,0.353,-141,-0.003,0.877,31.2,-0.813,-0.332,-0.74,1.022,0.846
2023,Washington Commanders,4,13,0.235,-189,-0.935,1.404,1.8,-0.883,-0.536,-2.964,-1.232,0.941
2023,Detroit Lions,12,5,0.706,66,0.221,0.793,40.3,0.77,1.322,-0.5,-0.088,-0.4
2023,Green Bay Packers,9,8,0.529,33,0.241,0.605,66.5,0.796,-0.258,0.402,0.786,-0.523
2023,Minnesota Vikings,7,10,0.412,-18,-0.381,1.338,2.5,0.012,-1.005,0.162,-2.308,1.233
2023,Chicago Bears,7,10,0.412,-19,-0.172,0.61,65.3,-0.577,0.885,-0.179,-0.492,-0.494
2023,Tampa Bay Buccaneers,9,8,0.529,23,0.285,0.804,39.0,0.594,-1.124,0.903,0.584,0.469
2023,New Orleans Saints,9,8,0.529,75,0.326,0.715,51.0,0.475,-0.401,0.863,1.123,-0.428
2023,Atlanta Falcons,7,10,0.412,-52,-0.13,0.619,63.2,-0.566,0.362,-0.059,-0.929,0.544
2023,Carolina Panthers,2,15,0.118,-180,-0.564,0.458,86.3,-0.988,-0.64,-0.92,0.147,-0.419
2023,San Francisco 49ers,12,5,0.706,193,0.733,1.189,7.0,1.509,1.48,1.444,0.484,-1.25
2023,Los Angeles Rams,10,7,0.588,27,0.441,0.375,93.0,0.369,0.427,-0.139,0.786,0.761
2023,Seattle Seahawks,9,8,0.529,-38,-0.32,0.971,21.0,0.219,-0.784,-0.64,1.055,-1.448
2023,Arizona Cardinals,4,13,0.235,-125,-0.218,1.063,12.6,-0.465,0.909,-1.702,0.719,-0.551
